[
    {
        "PAIS": "ND",
        "NOMBRE": "NO DEFINIDO",
        "LATITUD": "9.982628288210657",
        "LONGITUD": "-84.14123589305028",
        "CONTINENTE": "AMS",
        "TRANSITO":0,
        "PLANIFICACION":0,
        "TOTAL":0

        
    },
    {
        "PAIS": "ARN",
        "NOMBRE": "Argentina",
        "LATITUD": "-34.9964963",
        "LONGITUD": "-64.9672817",
        "CONTINENTE": "AMS",
        "TRANSITO":0,
        "PLANIFICACION":0,
        "TOTAL":0
    },
    {
        "PAIS": "BLC",
        "NOMBRE": "Belice",
        "LATITUD": "16.8259793",
        "LONGITUD": "-88.7600927",
        "CONTINENTE": "AMS",
        "TRANSITO":0,
        "PLANIFICACION":0,
        "TOTAL":0
    },
    {
        "PAIS": "BOL",
        "NOMBRE": "Bolivia",
        "LATITUD": "-17.0568696",
        "LONGITUD": "-64.9912286",
        "CONTINENTE": "AMS",
        "TRANSITO":0,
        "PLANIFICACION":0,
        "TOTAL":0
    },
    {
        "PAIS": "BRA",
        "NOMBRE": "Brasil",
        "LATITUD": "-10.3333333",
        "LONGITUD": "-53.2",
        "CONTINENTE": "AMS",
        "TRANSITO":0,
        "PLANIFICACION":0,
        "TOTAL":0
    },
    {
        "PAIS": "CAN",
        "NOMBRE": "Canadá",
        "LATITUD": "61.0666922",
        "LONGITUD": "-107.991707",
        "CONTINENTE": "AMS",
        "TRANSITO":0,
        "PLANIFICACION":0,
        "TOTAL":0
    },
    {
        "PAIS": "CHL",
        "NOMBRE": "Chile",
        "LATITUD": "-31.7613365",
        "LONGITUD": "-71.3187697",
        "CONTINENTE": "AMS",
        "TRANSITO":0,
        "PLANIFICACION":0,
        "TOTAL":0
    },
    {
        "PAIS": "CHN",
        "NOMBRE": "China",
        "LATITUD": "35.000074",
        "LONGITUD": "104.999927",
        "CONTINENTE": "AS",
        "TRANSITO":0,
        "PLANIFICACION":0,
        "TOTAL":0
    },
    {
        "PAIS": "CNO",
        "NOMBRE": "República Popular Democrática de Corea",
        "LATITUD": "40.3736611",
        "LONGITUD": "127.0870417",
        "CONTINENTE": "AS",
        "TRANSITO":0,
        "PLANIFICACION":0,
        "TOTAL":0
    },
    {
        "PAIS": "COL",
        "NOMBRE": "Colombia",
        "LATITUD": "4.099917",
        "LONGITUD": "-72.9088133",
        "CONTINENTE": "AMS",
        "TRANSITO":0,
        "PLANIFICACION":0,
        "TOTAL":0
    },
    {
        "PAIS": "CRI",
        "NOMBRE": "Costa Rica",
        "LATITUD": "10.2735633",
        "LONGITUD": "-84.0739102",
        "CONTINENTE": "AMS",
        "TRANSITO":0,
        "PLANIFICACION":0,
        "TOTAL":0
    },
    {
        "PAIS": "CUB",
        "NOMBRE": "Cuba",
        "LATITUD": "23.0131338",
        "LONGITUD": "-80.8328748",
        "CONTINENTE": "AMS",
        "TRANSITO":0,
        "PLANIFICACION":0,
        "TOTAL":0
    },
    {
        "PAIS": "DIN",
        "NOMBRE": "Dinamarca",
        "LATITUD": "55.670249",
        "LONGITUD": "10.3333283",
        "CONTINENTE": "EU",
        "TRANSITO":0,
        "PLANIFICACION":0,
        "TOTAL":0
    },
    {
        "PAIS": "ECU",
        "NOMBRE": "Ecuador",
        "LATITUD": "-1.3397668",
        "LONGITUD": "-79.3666965",
        "CONTINENTE": "AMS",
        "TRANSITO":0,
        "PLANIFICACION":0,
        "TOTAL":0
    },
    {
        "PAIS": "ESP",
        "NOMBRE": "España",
        "LATITUD": "39.3260685",
        "LONGITUD": "-4.8379791",
        "CONTINENTE": "EU",
        "TRANSITO":0,
        "PLANIFICACION":0,
        "TOTAL":0
    },
    {
        "PAIS": "FIN",
        "NOMBRE": "Finlandia",
        "LATITUD": "63.2467777",
        "LONGITUD": "25.9209164",
        "CONTINENTE": "EU",
        "TRANSITO":0,
        "PLANIFICACION":0,
        "TOTAL":0
    },
    {
        "PAIS": "FRA",
        "NOMBRE": "Francia",
        "LATITUD": "46.603354",
        "LONGITUD": "1.8883335",
        "CONTINENTE": "EU",
        "TRANSITO":0,
        "PLANIFICACION":0,
        "TOTAL":0
    },
    {
        "PAIS": "GUA",
        "NOMBRE": "Guatemala",
        "LATITUD": "15.5855545",
        "LONGITUD": "-90.345759",
        "CONTINENTE": "AMS",
        "TRANSITO":0,
        "PLANIFICACION":0,
        "TOTAL":0
    },
    {
        "PAIS": "HOL",
        "NOMBRE": "Países Bajos",
        "LATITUD": "52.2434979",
        "LONGITUD": "5.6343227",
        "CONTINENTE": "EU",
        "TRANSITO":0,
        "PLANIFICACION":0,
        "TOTAL":0
    },
    {
        "PAIS": "HON",
        "NOMBRE": "Honduras",
        "LATITUD": "15.2572432",
        "LONGITUD": "-86.0755145",
        "CONTINENTE": "AMS",
        "TRANSITO":0,
        "PLANIFICACION":0,
        "TOTAL":0
    },
    {
        "PAIS": "IDI",
        "NOMBRE": "India",
        "LATITUD": "22.3511148",
        "LONGITUD": "78.6677428",
        "CONTINENTE": "AS",
        "TRANSITO":0,
        "PLANIFICACION":0,
        "TOTAL":0
    },
    {
        "PAIS": "ISR",
        "NOMBRE": "Israel",
        "LATITUD": "30.8124247",
        "LONGITUD": "34.8594762",
        "CONTINENTE": "AS",
        "TRANSITO":0,
        "PLANIFICACION":0,
        "TOTAL":0
    },
    {
        "PAIS": "ITA",
        "NOMBRE": "Italia",
        "LATITUD": "42.6384261",
        "LONGITUD": "12.674297",
        "CONTINENTE": "EU",
        "TRANSITO":0,
        "PLANIFICACION":0,
        "TOTAL":0
    },
    {
        "PAIS": "JAM",
        "NOMBRE": "Jamaica",
        "LATITUD": "18.1850507",
        "LONGITUD": "-77.3947693",
        "CONTINENTE": "AMS",
        "TRANSITO":0,
        "PLANIFICACION":0,
        "TOTAL":0
    },
    {
        "PAIS": "JAP",
        "NOMBRE": "Japón",
        "LATITUD": "36.5748441",
        "LONGITUD": "139.2394179",
        "CONTINENTE": "AS",
        "TRANSITO":0,
        "PLANIFICACION":0,
        "TOTAL":0
    },
    {
        "PAIS": "MAL",
        "NOMBRE": "Malasia",
        "LATITUD": "4.5693754",
        "LONGITUD": "102.2656823",
        "CONTINENTE": "AS",
        "TRANSITO":0,
        "PLANIFICACION":0,
        "TOTAL":0
    },
    {
        "PAIS": "MEX",
        "NOMBRE": "México",
        "LATITUD": "23.6585116",
        "LONGITUD": "-102.0077097",
        "CONTINENTE": "AMS",
        "TRANSITO":0,
        "PLANIFICACION":0,
        "TOTAL":0
    },
    {
        "PAIS": "NIC",
        "NOMBRE": "Nicaragua",
        "LATITUD": "12.6090157",
        "LONGITUD": "-85.2936911",
        "CONTINENTE": "AMS",
        "TRANSITO":0,
        "PLANIFICACION":0,
        "TOTAL":0
    },
    {
        "PAIS": "NOR",
        "NOMBRE": "Noruega",
        "LATITUD": "60.5000209",
        "LONGITUD": "9.0999715",
        "CONTINENTE": "EU",
        "TRANSITO":0,
        "PLANIFICACION":0,
        "TOTAL":0
    },
    {
        "PAIS": "NZE",
        "NOMBRE": "NuevaZelandia",
        "LATITUD": "-41.5000831",
        "LONGITUD": "172.8344077",
        "CONTINENTE": "OC",
        "TRANSITO":0,
        "PLANIFICACION":0,
        "TOTAL":0
    },
    {
        "PAIS": "PAN",
        "NOMBRE": "Panamá",
        "LATITUD": "8.559559",
        "LONGITUD": "-81.1308434",
        "CONTINENTE": "AMS",
        "TRANSITO":0,
        "PLANIFICACION":0,
        "TOTAL":0
    },
    {
        "PAIS": "PAR",
        "NOMBRE": "Paraguay",
        "LATITUD": "-23.3165935",
        "LONGITUD": "-58.1693445",
        "CONTINENTE": "AMS",
        "TRANSITO":0,
        "PLANIFICACION":0,
        "TOTAL":0
    },
    {
        "PAIS": "PER",
        "NOMBRE": "Perú",
        "LATITUD": "-6.8699697",
        "LONGITUD": "-75.0458515",
        "CONTINENTE": "AMS",
        "TRANSITO":0,
        "PLANIFICACION":0,
        "TOTAL":0
    },
    {
        "PAIS": "POL",
        "NOMBRE": "Polonia",
        "LATITUD": "52.215933",
        "LONGITUD": "19.134422",
        "CONTINENTE": "EU",
        "TRANSITO":0,
        "PLANIFICACION":0,
        "TOTAL":0
    },
    {
        "PAIS": "POR",
        "NOMBRE": "Portugal",
        "LATITUD": "40.0332629",
        "LONGITUD": "-7.8896263",
        "CONTINENTE": "EU",
        "TRANSITO":0,
        "PLANIFICACION":0,
        "TOTAL":0
    },
    {
        "PAIS": "PRI",
        "NOMBRE": "Puerto Rico",
        "LATITUD": "18.2247706",
        "LONGITUD": "-66.4858295",
        "CONTINENTE": "AMS",
        "TRANSITO":0,
        "PLANIFICACION":0,
        "TOTAL":0
    },
    {
        "PAIS": "RDO",
        "NOMBRE": "República Dominicana",
        "LATITUD": "19.0974031",
        "LONGITUD": "-70.3028026",
        "CONTINENTE": "AMS",
        "TRANSITO":0,
        "PLANIFICACION":0,
        "TOTAL":0
    },
    {
        "PAIS": "RFA",
        "NOMBRE": "Alemania",
        "LATITUD": "51.0834196",
        "LONGITUD": "10.4234469",
        "CONTINENTE": "EU"
    },
    {
        "PAIS": "RUS",
        "NOMBRE": "Federación de Rusia",
        "LATITUD": "64.6863136",
        "LONGITUD": "97.7453061",
        "CONTINENTE": "EU",
        "TRANSITO":0,
        "PLANIFICACION":0,
        "TOTAL":0
    },
    {
        "PAIS": "SAF",
        "NOMBRE": "Sudáfrica",
        "LATITUD": "-28.8166236",
        "LONGITUD": "24.991639",
        "CONTINENTE": "AF",
        "TRANSITO":0,
        "PLANIFICACION":0,
        "TOTAL":0
    },
    {
        "PAIS": "SAL",
        "NOMBRE": "El Salvador",
        "LATITUD": "13.8000382",
        "LONGITUD": "-88.9140683",
        "CONTINENTE": "AMS",
        "TRANSITO":0,
        "PLANIFICACION":0,
        "TOTAL":0
    },
    {
        "PAIS": "SIN",
        "NOMBRE": "Singapur",
        "LATITUD": "1.357107",
        "LONGITUD": "103.8194992",
        "CONTINENTE": "AS",
        "TRANSITO":0,
        "PLANIFICACION":0,
        "TOTAL":0
    },
    {
        "PAIS": "SUE",
        "NOMBRE": "Suecia",
        "LATITUD": "59.6749712",
        "LONGITUD": "14.5208584",
        "CONTINENTE": "EU",
        "TRANSITO":0,
        "PLANIFICACION":0,
        "TOTAL":0
    },
    {
        "PAIS": "SUI",
        "NOMBRE": "Suiza",
        "LATITUD": "46.7985624",
        "LONGITUD": "8.2319736",
        "CONTINENTE": "EU",
        "TRANSITO":0,
        "PLANIFICACION":0,
        "TOTAL":0
    },
    {
        "PAIS": "SUR",
        "NOMBRE": "Suriname",
        "LATITUD": "4.1413025",
        "LONGITUD": "-56.0771187",
        "CONTINENTE": "AMS",
        "TRANSITO":0,
        "PLANIFICACION":0,
        "TOTAL":0
    },
    {
        "PAIS": "TRI",
        "NOMBRE": "Trinidad y Tobago",
        "LATITUD": "10.7466905",
        "LONGITUD": "-61.0840075",
        "CONTINENTE": "AMS",
        "TRANSITO":0,
        "PLANIFICACION":0,
        "TOTAL":0
    },
    {
        "PAIS": "TUR",
        "NOMBRE": "Turquía",
        "LATITUD": "38.9597594",
        "LONGITUD": "34.9249653",
        "CONTINENTE": "EU",
        "TRANSITO":0,
        "PLANIFICACION":0,
        "TOTAL":0
    },
    {
        "PAIS": "TWN",
        "NOMBRE": "República China Taiwan",
        "LATITUD": "32.32812",
        "LONGITUD": "118.76384",
        "CONTINENTE": "AS",
        "TRANSITO":0,
        "PLANIFICACION":0,
        "TOTAL":0
    },
    {
        "PAIS": "URU",
        "NOMBRE": "Uruguay",
        "LATITUD": "-32.8755548",
        "LONGITUD": "-56.0201525",
        "CONTINENTE": "AMS",
        "TRANSITO":0,
        "PLANIFICACION":0,
        "TOTAL":0
    },
    {
        "PAIS": "USA",
        "NOMBRE": "Estados Unidos de América",
        "LATITUD": "39.7837304",
        "LONGITUD": "-100.445882",
        "CONTINENTE": "AMS",
        "TRANSITO":0,
        "PLANIFICACION":0,
        "TOTAL":0
    },
    {
        "PAIS": "VEN",
        "NOMBRE": "Venezuela",
        "LATITUD": "8.0018709",
        "LONGITUD": "-66.1109318",
        "CONTINENTE": "AMS",
        "TRANSITO":0,
        "PLANIFICACION":0,
        "TOTAL":0
    },
    {
        "PAIS": "YUG",
        "NOMBRE": "Yugoslavia",
        "LATITUD": "23.0412366",
        "LONGITUD": "-81.5261419",
        "CONTINENTE": "EU",
        "TRANSITO":0,
        "PLANIFICACION":0,
        "TOTAL":0
    },
    {
        "PAIS": 101,
        "NOMBRE": "SAN JOSE-SAN JOSE",
        "LATITUD": "9.9325427",
        "LONGITUD": "-84.0795782",
        "CONTINENTE": "AMS",
        "TRANSITO":0,
        "PLANIFICACION":0,
        "TOTAL":0
    }
]