[
    {
        "seleccionado": false,
        "img": "049-boy.svg"
    },
    {
        "seleccionado": false,
        "img": "002-girl-26.svg"
    },
    {
        "seleccionado": false,
        "img": "003-boy-14.svg"
    },
    {
        "seleccionado": false,
        "img": "004-woman-1.svg"
    },
    {
        "seleccionado": false,
        "img": "005-man-3.svg"
    },
    {
        "seleccionado": false,
        "img": "006-woman.svg"
    },
    {
        "seleccionado": false,
        "img": "007-girl-25.svg"
    },
    {
        "seleccionado": false,
        "img": "008-girl-24.svg"
    },
    {
        "seleccionado": false,
        "img": "009-boy-13.svg"
    },
    {
        "seleccionado": false,
        "img": "010-girl-23.svg"
    },
    {
        "seleccionado": false,
        "img": "011-boy-12.svg"
    },
    {
        "seleccionado": false,
        "img": "012-girl-22.svg"
    },
    {
        "seleccionado": false,
        "img": "013-boy-11.svg"
    },
    {
        "seleccionado": false,
        "img": "014-boy-10.svg"
    },
    {
        "seleccionado": false,
        "img": "015-girl-21.svg"
    },
    {
        "seleccionado": false,
        "img": "016-girl-20.svg"
    },
    {
        "seleccionado": false,
        "img": "017-boy-9.svg"
    },
    {
        "seleccionado": false,
        "img": "018-boy-8.svg"
    },
    {
        "seleccionado": false,
        "img": "019-girl-19.svg"
    },
    {
        "seleccionado": false,
        "img": "020-boy-7.svg"
    },
    {
        "seleccionado": false,
        "img": "021-boy-6.svg"
    },
    {
        "seleccionado": false,
        "img": "022-boy-5.svg"
    },
    {
        "seleccionado": false,
        "img": "023-girl-18.svg"
    },
    {
        "seleccionado": false,
        "img": "024-boy-4.svg"
    },
    {
        "seleccionado": false,
        "img": "025-girl-17.svg"
    },
    {
        "seleccionado": false,
        "img": "026-girl-16.svg"
    },
    {
        "seleccionado": false,
        "img": "027-hipster.svg"
    },
    {
        "seleccionado": false,
        "img": "028-girl-15.svg"
    },
    {
        "seleccionado": false,
        "img": "029-girl-14.svg"
    },
    {
        "seleccionado": false,
        "img": "030-girl-13.svg"
    },
    {
        "seleccionado": false,
        "img": "031-boy-3.svg"
    },
    {
        "seleccionado": false,
        "img": "032-girl-12.svg"
    },
    {
        "seleccionado": false,
        "img": "033-man-2.svg"
    },
    {
        "seleccionado": false,
        "img": "034-girl-11.svg"
    },
    {
        "seleccionado": false,
        "img": "035-girl-10.svg"
    },
    {
        "seleccionado": false,
        "img": "036-girl-9.svg"
    },
    {
        "seleccionado": false,
        "img": "037-girl-8.svg"
    },
    {
        "seleccionado": false,
        "img": "038-man-1.svg"
    },
    {
        "seleccionado": false,
        "img": "039-girl-7.svg"
    },
    {
        "seleccionado": false,
        "img": "040-man.svg"
    },
    {
        "seleccionado": false,
        "img": "041-girl-6.svg"
    },
    {
        "seleccionado": false,
        "img": "042-girl-5.svg"
    },
    {
        "seleccionado": false,
        "img": "043-girl-4.svg"
    },
    {
        "seleccionado": false,
        "img": "044-boy-2.svg"
    },
    {
        "seleccionado": false,
        "img": "045-girl-3.svg"
    },
    {
        "seleccionado": false,
        "img": "046-girl-2.svg"
    },
    {
        "seleccionado": false,
        "img": "047-boy-1.svg"
    },
    {
        "seleccionado": false,
        "img": "048-girl-1.svg"
    },
    {
        "seleccionado": false,
        "img": "001-boy-15.svg"
    },
    {
        "seleccionado": false,
        "img": "050-girl.svg"
    }
]